Suite/Test/Step Name,Browser,Description,Tag,Start time,End time,Duration,Status
TS-6497-C,Chrome 87.0.4280.88,,,2020-12-26 15:22:38,2020-12-26 15:24:38,"2m - 0,283s",PASSED
,,,,,,,
Test Cases/TSC_6497-C/TC_6497-C1 Testowanie zakładki platnosci,Chrome 87.0.4280.88,,,2020-12-26 15:22:41,2020-12-26 15:23:25,"43,959s",PASSED
"openBrowser("""")",Chrome 87.0.4280.88,,,2020-12-26 15:22:42,2020-12-26 15:22:48,"5,642s",PASSED
"navigateToUrl(""https://demobank.jaktestowac.pl/logowanie_prod.html"")",Chrome 87.0.4280.88,,,2020-12-26 15:22:48,2020-12-26 15:22:49,"1,780s",PASSED
"setText(findTestObject(""Object Repository/Page_Demobank - Strona gwna - Logowanie/input_identyfikator_login_id""), ""11111111"")",Chrome 87.0.4280.88,,,2020-12-26 15:22:49,2020-12-26 15:22:50,"0,903s",PASSED
"click(findTestObject(""Object Repository/Page_Demobank - Strona gwna - Logowanie/button_dalej""))",Chrome 87.0.4280.88,,,2020-12-26 15:22:50,2020-12-26 15:22:51,"0,565s",PASSED
"setText(findTestObject(""Object Repository/Page_Demobank - Bankowo Internetowa - Logowanie/input_haso_haslo""), ""11112222"")",Chrome 87.0.4280.88,,,2020-12-26 15:22:51,2020-12-26 15:22:52,"1,378s",PASSED
"click(findTestObject(""Object Repository/Page_Demobank - Bankowo Internetowa - Logowanie/button_zaloguj si""))",Chrome 87.0.4280.88,,,2020-12-26 15:22:52,2020-12-26 15:22:53,"0,535s",PASSED
"click(findTestObject(""Object Repository/Page_Demobank - Bankowo Internetowa - Pulpit/a_patnoci""))",Chrome 87.0.4280.88,,,2020-12-26 15:22:53,2020-12-26 15:22:56,"3,358s",PASSED
"for ([rowNum = 1, rowNum <= findTestData(""TS_6497-C zmienne/TS_6497-C-dane do platnosci"").getRowNumbers(), (rowNum++)])",Chrome 87.0.4280.88,,,2020-12-26 15:22:56,2020-12-26 15:23:24,"27,761s",PASSED
closeBrowser(),Chrome 87.0.4280.88,,,2020-12-26 15:23:24,2020-12-26 15:23:25,"1,016s",PASSED
,,,,,,,
Test Cases/TSC_6497-C/TC_6497-C1 Testowanie zakładki platnosci,Chrome 87.0.4280.88,,,2020-12-26 15:23:25,2020-12-26 15:24:02,"36,604s",PASSED
"openBrowser("""")",Chrome 87.0.4280.88,,,2020-12-26 15:23:25,2020-12-26 15:23:28,"3,060s",PASSED
"navigateToUrl(""https://demobank.jaktestowac.pl/logowanie_prod.html"")",Chrome 87.0.4280.88,,,2020-12-26 15:23:28,2020-12-26 15:23:30,"1,691s",PASSED
"setText(findTestObject(""Object Repository/Page_Demobank - Strona gwna - Logowanie/input_identyfikator_login_id""), ""11111111"")",Chrome 87.0.4280.88,,,2020-12-26 15:23:30,2020-12-26 15:23:31,"0,952s",PASSED
"click(findTestObject(""Object Repository/Page_Demobank - Strona gwna - Logowanie/button_dalej""))",Chrome 87.0.4280.88,,,2020-12-26 15:23:31,2020-12-26 15:23:32,"0,632s",PASSED
"setText(findTestObject(""Object Repository/Page_Demobank - Bankowo Internetowa - Logowanie/input_haso_haslo""), ""11112222"")",Chrome 87.0.4280.88,,,2020-12-26 15:23:32,2020-12-26 15:23:33,"1,514s",PASSED
"click(findTestObject(""Object Repository/Page_Demobank - Bankowo Internetowa - Logowanie/button_zaloguj si""))",Chrome 87.0.4280.88,,,2020-12-26 15:23:33,2020-12-26 15:23:34,"0,506s",PASSED
"click(findTestObject(""Object Repository/Page_Demobank - Bankowo Internetowa - Pulpit/a_patnoci""))",Chrome 87.0.4280.88,,,2020-12-26 15:23:34,2020-12-26 15:23:37,"3,597s",PASSED
"for ([rowNum = 1, rowNum <= findTestData(""TS_6497-C zmienne/TS_6497-C-dane do platnosci"").getRowNumbers(), (rowNum++)])",Chrome 87.0.4280.88,,,2020-12-26 15:23:37,2020-12-26 15:24:01,"23,373s",PASSED
closeBrowser(),Chrome 87.0.4280.88,,,2020-12-26 15:24:01,2020-12-26 15:24:02,"1,116s",PASSED
,,,,,,,
Test Cases/TSC_6497-C/TC_6497-C1 Testowanie zakładki platnosci,Chrome 87.0.4280.88,,,2020-12-26 15:24:02,2020-12-26 15:24:38,"35,953s",PASSED
"openBrowser("""")",Chrome 87.0.4280.88,,,2020-12-26 15:24:02,2020-12-26 15:24:05,"3,122s",PASSED
"navigateToUrl(""https://demobank.jaktestowac.pl/logowanie_prod.html"")",Chrome 87.0.4280.88,,,2020-12-26 15:24:05,2020-12-26 15:24:07,"1,504s",PASSED
"setText(findTestObject(""Object Repository/Page_Demobank - Strona gwna - Logowanie/input_identyfikator_login_id""), ""11111111"")",Chrome 87.0.4280.88,,,2020-12-26 15:24:07,2020-12-26 15:24:07,"0,880s",PASSED
"click(findTestObject(""Object Repository/Page_Demobank - Strona gwna - Logowanie/button_dalej""))",Chrome 87.0.4280.88,,,2020-12-26 15:24:07,2020-12-26 15:24:08,"0,544s",PASSED
"setText(findTestObject(""Object Repository/Page_Demobank - Bankowo Internetowa - Logowanie/input_haso_haslo""), ""11112222"")",Chrome 87.0.4280.88,,,2020-12-26 15:24:08,2020-12-26 15:24:09,"1,247s",PASSED
"click(findTestObject(""Object Repository/Page_Demobank - Bankowo Internetowa - Logowanie/button_zaloguj si""))",Chrome 87.0.4280.88,,,2020-12-26 15:24:09,2020-12-26 15:24:10,"0,547s",PASSED
"click(findTestObject(""Object Repository/Page_Demobank - Bankowo Internetowa - Pulpit/a_patnoci""))",Chrome 87.0.4280.88,,,2020-12-26 15:24:10,2020-12-26 15:24:13,"2,762s",PASSED
"for ([rowNum = 1, rowNum <= findTestData(""TS_6497-C zmienne/TS_6497-C-dane do platnosci"").getRowNumbers(), (rowNum++)])",Chrome 87.0.4280.88,,,2020-12-26 15:24:13,2020-12-26 15:24:37,"24,354s",PASSED
closeBrowser(),Chrome 87.0.4280.88,,,2020-12-26 15:24:37,2020-12-26 15:24:38,"0,934s",PASSED
