Suite/Test/Step Name,Browser,Description,Tag,Start time,End time,Duration,Status
TS_6497-B,Chrome 87.0.4280.88,,,2020-12-26 15:16:30,2020-12-26 15:21:41,"5m - 10,669s",FAILED
,,,,,,,
Test Cases/TSC_6497-B/TC_6497-B1 Wykonanie szybkiego przelewu,Chrome 87.0.4280.88,"Wykonanie szybkiego przelewu.
Wybór opcji, kwoty i tytułu.",,2020-12-26 15:16:35,2020-12-26 15:17:31,"55,837s",FAILED
"openBrowser("""")",Chrome 87.0.4280.88,,,2020-12-26 15:16:37,2020-12-26 15:16:44,"6,736s",PASSED
"navigateToUrl(""https://demobank.jaktestowac.pl/logowanie_etap_1.html?"")",Chrome 87.0.4280.88,,,2020-12-26 15:16:44,2020-12-26 15:16:46,"1,990s",PASSED
"setText(findTestObject(""Object Repository/Page_Demobank - Strona gwna - Logowanie/input_identyfikator_login_id""), ""11112222"")",Chrome 87.0.4280.88,,,2020-12-26 15:16:46,2020-12-26 15:16:47,"1,185s",PASSED
"click(findTestObject(""Object Repository/Page_Demobank - Strona gwna - Logowanie/button_dalej""))",Chrome 87.0.4280.88,,,2020-12-26 15:16:47,2020-12-26 15:16:48,"0,927s",PASSED
"setText(findTestObject(""Object Repository/Page_Demobank - Bankowo Internetowa - Logowanie/input_haso_haslo""), ""11112222"")",Chrome 87.0.4280.88,,,2020-12-26 15:16:48,2020-12-26 15:16:49,"1,670s",PASSED
"click(findTestObject(""Object Repository/Page_Demobank - Bankowo Internetowa - Logowanie/button_zaloguj si""))",Chrome 87.0.4280.88,,,2020-12-26 15:16:49,2020-12-26 15:16:50,"0,730s",PASSED
"for ([rowNum = 1, rowNum <= findTestData(""TS_6497-B zmienne/TS_6497-B dane do szybkiego przelewu"").getRowNumbers(), (rowNum++)])",Chrome 87.0.4280.88,,,2020-12-26 15:16:50,2020-12-26 15:17:26,"35,530s",FAILED
,,,,,,,
Test Cases/TSC_6497-B/TC_6497-B1 Wykonanie szybkiego przelewu,Chrome 87.0.4280.88,"Wykonanie szybkiego przelewu.
Wybór opcji, kwoty i tytułu.",,2020-12-26 15:17:31,2020-12-26 15:18:21,"49,561s",FAILED
"openBrowser("""")",Chrome 87.0.4280.88,,,2020-12-26 15:17:31,2020-12-26 15:17:35,"3,959s",PASSED
"navigateToUrl(""https://demobank.jaktestowac.pl/logowanie_etap_1.html?"")",Chrome 87.0.4280.88,,,2020-12-26 15:17:35,2020-12-26 15:17:37,"1,460s",PASSED
"setText(findTestObject(""Object Repository/Page_Demobank - Strona gwna - Logowanie/input_identyfikator_login_id""), ""11112222"")",Chrome 87.0.4280.88,,,2020-12-26 15:17:37,2020-12-26 15:17:38,"0,970s",PASSED
"click(findTestObject(""Object Repository/Page_Demobank - Strona gwna - Logowanie/button_dalej""))",Chrome 87.0.4280.88,,,2020-12-26 15:17:38,2020-12-26 15:17:38,"0,580s",PASSED
"setText(findTestObject(""Object Repository/Page_Demobank - Bankowo Internetowa - Logowanie/input_haso_haslo""), ""11112222"")",Chrome 87.0.4280.88,,,2020-12-26 15:17:38,2020-12-26 15:17:40,"1,390s",PASSED
"click(findTestObject(""Object Repository/Page_Demobank - Bankowo Internetowa - Logowanie/button_zaloguj si""))",Chrome 87.0.4280.88,,,2020-12-26 15:17:40,2020-12-26 15:17:40,"0,534s",PASSED
"for ([rowNum = 1, rowNum <= findTestData(""TS_6497-B zmienne/TS_6497-B dane do szybkiego przelewu"").getRowNumbers(), (rowNum++)])",Chrome 87.0.4280.88,,,2020-12-26 15:17:40,2020-12-26 15:18:15,"34,658s",FAILED
,,,,,,,
Test Cases/TSC_6497-B/TC_6497-B1 Wykonanie szybkiego przelewu,Chrome 87.0.4280.88,"Wykonanie szybkiego przelewu.
Wybór opcji, kwoty i tytułu.",,2020-12-26 15:18:21,2020-12-26 15:19:07,"45,907s",FAILED
"openBrowser("""")",Chrome 87.0.4280.88,,,2020-12-26 15:18:21,2020-12-26 15:18:25,"4,098s",PASSED
"navigateToUrl(""https://demobank.jaktestowac.pl/logowanie_etap_1.html?"")",Chrome 87.0.4280.88,,,2020-12-26 15:18:25,2020-12-26 15:18:26,"1,334s",PASSED
"setText(findTestObject(""Object Repository/Page_Demobank - Strona gwna - Logowanie/input_identyfikator_login_id""), ""11112222"")",Chrome 87.0.4280.88,,,2020-12-26 15:18:26,2020-12-26 15:18:27,"0,813s",PASSED
"click(findTestObject(""Object Repository/Page_Demobank - Strona gwna - Logowanie/button_dalej""))",Chrome 87.0.4280.88,,,2020-12-26 15:18:27,2020-12-26 15:18:28,"0,613s",PASSED
"setText(findTestObject(""Object Repository/Page_Demobank - Bankowo Internetowa - Logowanie/input_haso_haslo""), ""11112222"")",Chrome 87.0.4280.88,,,2020-12-26 15:18:28,2020-12-26 15:18:29,"1,245s",PASSED
"click(findTestObject(""Object Repository/Page_Demobank - Bankowo Internetowa - Logowanie/button_zaloguj si""))",Chrome 87.0.4280.88,,,2020-12-26 15:18:29,2020-12-26 15:18:30,"0,555s",PASSED
"for ([rowNum = 1, rowNum <= findTestData(""TS_6497-B zmienne/TS_6497-B dane do szybkiego przelewu"").getRowNumbers(), (rowNum++)])",Chrome 87.0.4280.88,,,2020-12-26 15:18:30,2020-12-26 15:19:01,"31,287s",FAILED
,,,,,,,
Test Cases/TSC_6497-B/TC_6497-B1 Wykonanie szybkiego przelewu,Chrome 87.0.4280.88,"Wykonanie szybkiego przelewu.
Wybór opcji, kwoty i tytułu.",,2020-12-26 15:19:07,2020-12-26 15:19:53,"46,076s",FAILED
"openBrowser("""")",Chrome 87.0.4280.88,,,2020-12-26 15:19:07,2020-12-26 15:19:11,"3,879s",PASSED
"navigateToUrl(""https://demobank.jaktestowac.pl/logowanie_etap_1.html?"")",Chrome 87.0.4280.88,,,2020-12-26 15:19:11,2020-12-26 15:19:12,"1,414s",PASSED
"setText(findTestObject(""Object Repository/Page_Demobank - Strona gwna - Logowanie/input_identyfikator_login_id""), ""11112222"")",Chrome 87.0.4280.88,,,2020-12-26 15:19:12,2020-12-26 15:19:13,"0,886s",PASSED
"click(findTestObject(""Object Repository/Page_Demobank - Strona gwna - Logowanie/button_dalej""))",Chrome 87.0.4280.88,,,2020-12-26 15:19:13,2020-12-26 15:19:14,"0,657s",PASSED
"setText(findTestObject(""Object Repository/Page_Demobank - Bankowo Internetowa - Logowanie/input_haso_haslo""), ""11112222"")",Chrome 87.0.4280.88,,,2020-12-26 15:19:14,2020-12-26 15:19:15,"1,339s",PASSED
"click(findTestObject(""Object Repository/Page_Demobank - Bankowo Internetowa - Logowanie/button_zaloguj si""))",Chrome 87.0.4280.88,,,2020-12-26 15:19:15,2020-12-26 15:19:16,"0,627s",PASSED
"for ([rowNum = 1, rowNum <= findTestData(""TS_6497-B zmienne/TS_6497-B dane do szybkiego przelewu"").getRowNumbers(), (rowNum++)])",Chrome 87.0.4280.88,,,2020-12-26 15:19:16,2020-12-26 15:19:47,"30,888s",FAILED
,,,,,,,
Test Cases/TSC_6497-B/TC_6497-B2 Wykonanie doładowania telefonu,Chrome 87.0.4280.88,"Wykonanie doładowania telefonu.
Wybór telefonu, kwoty i zaznaczenie zapoznania sie z warunkami.",,2020-12-26 15:19:53,2020-12-26 15:20:30,"37,019s",FAILED
"openBrowser("""")",Chrome 87.0.4280.88,,,2020-12-26 15:19:54,2020-12-26 15:19:58,"3,967s",PASSED
"navigateToUrl(""https://demobank.jaktestowac.pl/logowanie_prod.html"")",Chrome 87.0.4280.88,,,2020-12-26 15:19:58,2020-12-26 15:19:59,"1,335s",PASSED
"setText(findTestObject(""Object Repository/Page_Demobank - Strona gwna - Logowanie/input_identyfikator_login_id""), ""11112222"")",Chrome 87.0.4280.88,,,2020-12-26 15:19:59,2020-12-26 15:20:00,"0,792s",PASSED
"click(findTestObject(""Object Repository/Page_Demobank - Strona gwna - Logowanie/button_dalej""))",Chrome 87.0.4280.88,,,2020-12-26 15:20:00,2020-12-26 15:20:00,"0,559s",PASSED
"setEncryptedText(findTestObject(""Object Repository/Page_Demobank - Bankowo Internetowa - Logowanie/input_haso_haslo""), ""a1Y4x5Bm7tOmeu8WxrYL0Q=="")",Chrome 87.0.4280.88,,,2020-12-26 15:20:00,2020-12-26 15:20:01,"1,061s",PASSED
"click(findTestObject(""Object Repository/Page_Demobank - Bankowo Internetowa - Logowanie/button_zaloguj si""))",Chrome 87.0.4280.88,,,2020-12-26 15:20:01,2020-12-26 15:20:02,"0,532s",PASSED
"for ([rowNum = 1, rowNum <= findTestData(""TS_6497-B zmienne/TS_6497-B-dane do doladowania telefonu"").getRowNumbers(), (rowNum++)])",Chrome 87.0.4280.88,,,2020-12-26 15:20:02,2020-12-26 15:20:29,"27,020s",FAILED
closeBrowser(),Chrome 87.0.4280.88,,,2020-12-26 15:20:29,2020-12-26 15:20:30,"1,096s",PASSED
,,,,,,,
Test Cases/TSC_6497-B/TC_6497-B2 Wykonanie doładowania telefonu,Chrome 87.0.4280.88,"Wykonanie doładowania telefonu.
Wybór telefonu, kwoty i zaznaczenie zapoznania sie z warunkami.",,2020-12-26 15:20:30,2020-12-26 15:21:05,"35,489s",FAILED
"openBrowser("""")",Chrome 87.0.4280.88,,,2020-12-26 15:20:30,2020-12-26 15:20:33,"2,893s",PASSED
"navigateToUrl(""https://demobank.jaktestowac.pl/logowanie_prod.html"")",Chrome 87.0.4280.88,,,2020-12-26 15:20:33,2020-12-26 15:20:34,"1,303s",PASSED
"setText(findTestObject(""Object Repository/Page_Demobank - Strona gwna - Logowanie/input_identyfikator_login_id""), ""11112222"")",Chrome 87.0.4280.88,,,2020-12-26 15:20:34,2020-12-26 15:20:35,"0,842s",PASSED
"click(findTestObject(""Object Repository/Page_Demobank - Strona gwna - Logowanie/button_dalej""))",Chrome 87.0.4280.88,,,2020-12-26 15:20:35,2020-12-26 15:20:36,"0,582s",PASSED
"setEncryptedText(findTestObject(""Object Repository/Page_Demobank - Bankowo Internetowa - Logowanie/input_haso_haslo""), ""a1Y4x5Bm7tOmeu8WxrYL0Q=="")",Chrome 87.0.4280.88,,,2020-12-26 15:20:36,2020-12-26 15:20:37,"0,979s",PASSED
"click(findTestObject(""Object Repository/Page_Demobank - Bankowo Internetowa - Logowanie/button_zaloguj si""))",Chrome 87.0.4280.88,,,2020-12-26 15:20:37,2020-12-26 15:20:37,"0,497s",PASSED
"for ([rowNum = 1, rowNum <= findTestData(""TS_6497-B zmienne/TS_6497-B-dane do doladowania telefonu"").getRowNumbers(), (rowNum++)])",Chrome 87.0.4280.88,,,2020-12-26 15:20:37,2020-12-26 15:21:04,"27,236s",FAILED
closeBrowser(),Chrome 87.0.4280.88,,,2020-12-26 15:21:04,2020-12-26 15:21:05,"1,106s",PASSED
,,,,,,,
Test Cases/TSC_6497-B/TC_6497-B2 Wykonanie doładowania telefonu,Chrome 87.0.4280.88,"Wykonanie doładowania telefonu.
Wybór telefonu, kwoty i zaznaczenie zapoznania sie z warunkami.",,2020-12-26 15:21:05,2020-12-26 15:21:41,"35,526s",FAILED
"openBrowser("""")",Chrome 87.0.4280.88,,,2020-12-26 15:21:05,2020-12-26 15:21:08,"2,836s",PASSED
"navigateToUrl(""https://demobank.jaktestowac.pl/logowanie_prod.html"")",Chrome 87.0.4280.88,,,2020-12-26 15:21:08,2020-12-26 15:21:10,"1,331s",PASSED
"setText(findTestObject(""Object Repository/Page_Demobank - Strona gwna - Logowanie/input_identyfikator_login_id""), ""11112222"")",Chrome 87.0.4280.88,,,2020-12-26 15:21:10,2020-12-26 15:21:10,"0,785s",PASSED
"click(findTestObject(""Object Repository/Page_Demobank - Strona gwna - Logowanie/button_dalej""))",Chrome 87.0.4280.88,,,2020-12-26 15:21:10,2020-12-26 15:21:11,"0,561s",PASSED
"setEncryptedText(findTestObject(""Object Repository/Page_Demobank - Bankowo Internetowa - Logowanie/input_haso_haslo""), ""a1Y4x5Bm7tOmeu8WxrYL0Q=="")",Chrome 87.0.4280.88,,,2020-12-26 15:21:11,2020-12-26 15:21:12,"0,971s",PASSED
"click(findTestObject(""Object Repository/Page_Demobank - Bankowo Internetowa - Logowanie/button_zaloguj si""))",Chrome 87.0.4280.88,,,2020-12-26 15:21:12,2020-12-26 15:21:13,"0,529s",PASSED
"for ([rowNum = 1, rowNum <= findTestData(""TS_6497-B zmienne/TS_6497-B-dane do doladowania telefonu"").getRowNumbers(), (rowNum++)])",Chrome 87.0.4280.88,,,2020-12-26 15:21:13,2020-12-26 15:21:40,"27,339s",FAILED
closeBrowser(),Chrome 87.0.4280.88,,,2020-12-26 15:21:40,2020-12-26 15:21:41,"1,151s",PASSED
