Suite/Test/Step Name,Browser,Description,Tag,Start time,End time,Duration,Status
TS_6497-A,Chrome 87.0.4280.88,,,2020-12-26 15:25:58,2020-12-26 15:27:37,"1m - 38,909s",PASSED
,,,,,,,
Test Cases/TSC_6497-A/TC_6497-A1 Wczytanie strony,Chrome 87.0.4280.88,Wczytanie strony i sprawdzenie istnienia jednego z elementów.,,2020-12-26 15:26:01,2020-12-26 15:26:12,"11,036s",PASSED
"openBrowser("""")",Chrome 87.0.4280.88,,,2020-12-26 15:26:02,2020-12-26 15:26:07,"5,116s",PASSED
"navigateToUrl(findTestData(""TS_6497-A zmienne/TS_6497-A strony"").getValue(1, 1))",Chrome 87.0.4280.88,,,2020-12-26 15:26:07,2020-12-26 15:26:09,"1,688s",PASSED
"click(findTestObject(""Object Repository/Page_Demobank - Strona gwna - Logowanie/input_identyfikator_login_id""))",Chrome 87.0.4280.88,,,2020-12-26 15:26:09,2020-12-26 15:26:09,"0,548s",PASSED
Thread.sleep(1000),Chrome 87.0.4280.88,,,2020-12-26 15:26:09,2020-12-26 15:26:10,"1,009s",PASSED
closeBrowser(),Chrome 87.0.4280.88,,,2020-12-26 15:26:10,2020-12-26 15:26:12,"1,551s",PASSED
,,,,,,,
Test Cases/TSC_6497-A/TC_6497-A2 Logowanie uzytkownika,Chrome 87.0.4280.88,Logowanie uzytkownika do strony. Baza zawiera zarówno poprawne jak i niepoprawne dane do logowania.,,2020-12-26 15:26:12,2020-12-26 15:26:40,"28,286s",PASSED
"openBrowser("""")",Chrome 87.0.4280.88,,,2020-12-26 15:26:12,2020-12-26 15:26:15,"2,977s",PASSED
"navigateToUrl(findTestData(""TS_6497-A zmienne/TS_6497-A strony"").getValue(1, 1))",Chrome 87.0.4280.88,,,2020-12-26 15:26:15,2020-12-26 15:26:18,"2,268s",PASSED
"for ([rowNum = 1, rowNum <= findTestData(""TS_6497-A zmienne/TS_6497-A dane uzytkownikow"").getRowNumbers(), (rowNum++)])",Chrome 87.0.4280.88,,,2020-12-26 15:26:18,2020-12-26 15:26:39,"21,350s",PASSED
closeBrowser(),Chrome 87.0.4280.88,,,2020-12-26 15:26:39,2020-12-26 15:26:40,"1,164s",PASSED
,,,,,,,
Test Cases/TSC_6497-A/TC_6497-A2 Logowanie uzytkownika,Chrome 87.0.4280.88,Logowanie uzytkownika do strony. Baza zawiera zarówno poprawne jak i niepoprawne dane do logowania.,,2020-12-26 15:26:40,2020-12-26 15:27:10,"29,423s",PASSED
"openBrowser("""")",Chrome 87.0.4280.88,,,2020-12-26 15:26:40,2020-12-26 15:26:43,"3,142s",PASSED
"navigateToUrl(findTestData(""TS_6497-A zmienne/TS_6497-A strony"").getValue(1, 1))",Chrome 87.0.4280.88,,,2020-12-26 15:26:43,2020-12-26 15:26:46,"2,525s",PASSED
"for ([rowNum = 1, rowNum <= findTestData(""TS_6497-A zmienne/TS_6497-A dane uzytkownikow"").getRowNumbers(), (rowNum++)])",Chrome 87.0.4280.88,,,2020-12-26 15:26:46,2020-12-26 15:27:08,"22,539s",PASSED
closeBrowser(),Chrome 87.0.4280.88,,,2020-12-26 15:27:08,2020-12-26 15:27:10,"1,184s",PASSED
,,,,,,,
Test Cases/TSC_6497-A/TC_6497-A2 Logowanie uzytkownika,Chrome 87.0.4280.88,Logowanie uzytkownika do strony. Baza zawiera zarówno poprawne jak i niepoprawne dane do logowania.,,2020-12-26 15:27:10,2020-12-26 15:27:37,"26,986s",PASSED
"openBrowser("""")",Chrome 87.0.4280.88,,,2020-12-26 15:27:10,2020-12-26 15:27:13,"3,139s",PASSED
"navigateToUrl(findTestData(""TS_6497-A zmienne/TS_6497-A strony"").getValue(1, 1))",Chrome 87.0.4280.88,,,2020-12-26 15:27:13,2020-12-26 15:27:14,"1,489s",PASSED
"for ([rowNum = 1, rowNum <= findTestData(""TS_6497-A zmienne/TS_6497-A dane uzytkownikow"").getRowNumbers(), (rowNum++)])",Chrome 87.0.4280.88,,,2020-12-26 15:27:14,2020-12-26 15:27:35,"21,127s",PASSED
closeBrowser(),Chrome 87.0.4280.88,,,2020-12-26 15:27:35,2020-12-26 15:27:37,"1,212s",PASSED
